{"_runtime":5.4488087,"_step":50,"_wandb":{"runtime":5},"train/learning_rate":0.0003,"train/explained_variance":0.096693754,"train/approx_kl":0.0059607252,"train/loss":77.286575,"global_step":30720,"time/fps":617,"train/value_loss":137.43324,"train/entropy_loss":-1.5847948,"rollout/ep_len_mean":101,"_timestamp":1.7506031574383662e+09,"rollout/ep_rew_mean":-101.54378,"train/clip_fraction":0.035986327,"train/clip_range":0.2,"train/policy_gradient_loss":-0.0070849555}