{"train/policy_gradient_loss":-0.0076168287,"train/explained_variance":-0.00026154518,"global_step":12288,"_runtime":3.226395,"train/value_loss":31.752275,"train/clip_range":0.2,"_wandb":{"runtime":3},"train/clip_fraction":0.050390624,"_step":14,"train/learning_rate":0.0003,"train/entropy_loss":-1.6030306,"train/loss":10.160332,"time/fps":665,"rollout/ep_len_mean":26,"rollout/ep_rew_mean":-28.877342,"_timestamp":1.7505968171778598e+09,"train/approx_kl":0.0068744738}