{"rollout/ep_rew_mean":-187.13165,"train/clip_range":0.2,"time/fps":527,"train/policy_gradient_loss":-0.005009172,"_step":471,"train/loss":72.03941,"train/learning_rate":0.0003,"_timestamp":1.750610329952908e+09,"global_step":30720,"train/explained_variance":0.5092792,"train/approx_kl":0.0053201136,"_runtime":63.5588827,"train/clip_fraction":0.022135416,"train/value_loss":148.19194,"_wandb":{"runtime":63},"rollout/ep_len_mean":101,"train/entropy_loss":-1.3286867}