{"train/clip_fraction":0.047338866,"_runtime":8.1086868,"_wandb":{"runtime":8},"train/value_loss":170.8024,"_timestamp":1.750600180036015e+09,"rollout/ep_len_mean":101,"train/loss":57.012054,"train/clip_range":0.2,"train/learning_rate":0.0003,"_step":74,"train/approx_kl":0.0067749843,"rollout/ep_rew_mean":-154.08698,"train/policy_gradient_loss":-0.007863464,"train/explained_variance":0.4026081,"time/fps":414,"global_step":57344,"train/entropy_loss":-1.5725176}