{"train/explained_variance":0.3244499,"train/entropy_loss":-1.4977733,"train/learning_rate":0.0003,"rollout/ep_rew_mean":-18.629152,"_wandb":{"runtime":2},"_step":147,"_timestamp":1.7505971820787356e+09,"train/value_loss":17.405102,"train/loss":6.7728825,"train/approx_kl":0.006469476,"_runtime":2.716014,"train/clip_range":0.2,"global_step":53248,"train/clip_fraction":0.051245116,"train/policy_gradient_loss":-0.009634322,"rollout/ep_len_mean":26,"time/fps":479}