{"train/learning_rate":0.0003,"_wandb":{"runtime":20},"global_step":50400,"train/clip_range":0.2,"_runtime":20.177414,"train/entropy_loss":-0.9569422,"train/loss":148.25414,"_timestamp":1.7506233765957363e+09,"train/value_loss":431.42477,"train/policy_gradient_loss":-0.0017840691,"time/fps":498,"train/clip_fraction":0.00359375,"rollout/ep_len_mean":101,"rollout/ep_rew_mean":-247.45197,"train/explained_variance":0.64294493,"train/approx_kl":0.0017152906,"_step":999}